word	ipa	pos	meaning	example	exampleZh
I	/aɪ/	pron.	我（书写时始终大写）	I work here.	我在这里工作。
am	/æm; əm/	v.	be 的第一人称单数现在时形式，与 I 连用	I am ready.	我准备好了。
an	/ən; æn/	art.	一个；一位（用于以元音音素开头的单数可数名词前）	I have an appointment.	我有一个预约。
are	/ɑːr; ər/	v.	be 的现在时形式，与 you、we、they 等连用	Are you available tomorrow?	你明天有空吗？
is	/ɪz/	v.	be 的第三人称单数现在时形式	The office is closed today.	办公室今天不开放。
was	/wʌz; wəz/	v.	be 的过去时形式，常与 I、he、she、it 连用	I was at work yesterday.	我昨天在上班。
were	/wɜːr; wər/	v.	be 的过去时形式，常与 you、we、they 连用	We were in a meeting.	我们刚才在开会。
has	/hæz; həz/	v.	have 的第三人称单数现在时形式	She has a question.	她有一个问题。
does	/dʌz; dəz/	v.	do 的第三人称单数现在时形式，也用于构成疑问或否定句	Does this bus go downtown?	这辆公交车去市中心吗？
did	/dɪd/	v.	do 的过去时形式，也用于构成过去时疑问或否定句	Did you get my email?	你收到我的邮件了吗？
goes	/goʊz/	v.	go 的第三人称单数现在时形式	This train goes to the airport.	这趟列车开往机场。
went	/went/	v.	go 的过去式；去了	I went to the store.	我去了商店。
gone	/gɔːn/	v./adj.	go 的过去分词；离开的；用完的	She has gone home.	她已经回家了。
got	/gɑːt/	v.	get 的过去式；在部分用法中也作过去分词	I got your message.	我收到了你的消息。
gets	/gets/	v.	get 的第三人称单数现在时形式	He gets here at eight.	他八点到这里。
getting	/ˈgetɪŋ/	v.	get 的现在分词；正在获得、变得或到达等	I'm getting ready for work.	我正在准备上班。
yourselves	/jərˈselvz/	pron.	你们自己（反身代词）	Please help yourselves to some coffee.	请大家自己取用一些咖啡。
I'm	/aɪm/	phr.	I am 的缩写；我是／我在……	I'm new here.	我是新来的。
you're	/jʊr/	phr.	you are 的缩写；你是／你们是……	You're welcome.	不客气。
we're	/wɪr/	phr.	we are 的缩写；我们是／我们在……	We're ready to order.	我们准备好点餐了。
they're	/ðer/	phr.	they are 的缩写；他们／她们／它们是……	They're on their way.	他们正在路上。
it's	/ɪts/	phr.	it is 或 it has 的缩写	It's nice to meet you.	很高兴认识你。
that's	/ðæts/	phr.	that is 或 that has 的缩写	That's a good idea.	那是个好主意。
there's	/ðerz/	phr.	there is 或 there has 的缩写	There's a pharmacy nearby.	附近有一家药房。
I'll	/aɪl/	phr.	I will 或 I shall 的缩写；我将会……	I'll call you back.	我会给你回电话。
I'd	/aɪd/	phr.	I would 或 I had 的缩写	I'd like a glass of water.	我想要一杯水。
I've	/aɪv/	phr.	I have 的缩写	I've finished the report.	我完成报告了。
we've	/wiːv/	phr.	we have 的缩写	We've met before.	我们以前见过。
don't	/doʊnt/	phr.	do not 的缩写	I don't understand this part.	我不理解这一部分。
doesn't	/ˈdʌzənt/	phr.	does not 的缩写	This card doesn't work.	这张卡用不了。
didn't	/ˈdɪdənt/	phr.	did not 的缩写	I didn't hear the last part.	我没听见最后那部分。
can't	/kænt/	phr.	cannot 的缩写；不能；不会	I can't make it today.	我今天没法到场。
couldn't	/ˈkʊdənt/	phr.	could not 的缩写	I couldn't find the entrance.	我没找到入口。
won't	/woʊnt/	phr.	will not 的缩写	I won't be available tomorrow.	我明天没空。
wouldn't	/ˈwʊdənt/	phr.	would not 的缩写	I wouldn't recommend that option.	我不建议选那个方案。
shouldn't	/ˈʃʊdənt/	phr.	should not 的缩写；不应该	We shouldn't miss the deadline.	我们不应该错过截止时间。
haven't	/ˈhævənt/	phr.	have not 的缩写	I haven't received the package.	我还没有收到包裹。
hasn't	/ˈhæzənt/	phr.	has not 的缩写	The bus hasn't arrived yet.	公交车还没到。
hadn't	/ˈhædənt/	phr.	had not 的缩写	I hadn't seen the update.	我之前没看到那条更新。
isn't	/ˈɪzənt/	phr.	is not 的缩写	This isn't what I ordered.	这不是我点的东西。
aren't	/ɑːrnt/	phr.	are not 的缩写	These items aren't on sale.	这些商品没有打折。
wasn't	/ˈwʌzənt/	phr.	was not 的缩写	I wasn't aware of the change.	我之前不知道这项变动。
weren't	/wɜːrnt/	phr.	were not 的缩写	We weren't able to reach you.	我们之前没能联系上你。
let's	/lets/	phr.	let us 的缩写；让我们……（提出建议）	Let's take a short break.	我们休息一小会儿吧。
