category	word	ipa	meaning	example	exampleZh
work	onboarding	/ˈɑːnbɔːrdɪŋ/	新员工入职与适应流程	My onboarding starts on Monday.	我的入职培训从周一开始。
work	resume	/ˈrezəmeɪ/	简历（也写作 résumé）；作动词读 /rɪˈzuːm/，意为恢复	I've attached my resume to the email.	我已把简历附在邮件中。
work	paycheck	/ˈpeɪtʃek/	工资；工资支票	I receive my paycheck every two weeks.	我每两周领一次工资。
work	deadline	/ˈdedlaɪn/	截止时间	Can we confirm the deadline for this task?	我们能确认一下这项任务的截止时间吗？
work	feedback	/ˈfiːdbæk/	反馈；意见	Thanks for your feedback on the draft.	感谢你对草稿提出的意见。
work	benefits	/ˈbenɪfɪts/	员工福利；好处	Could you explain the employee benefits?	你能介绍一下员工福利吗？
work	PTO	/ˌpiː tiː ˈoʊ/	带薪休假（paid time off）	I'd like to request two days of PTO.	我想申请两天带薪休假。
work	overtime	/ˈoʊvərtaɪm/	加班；加班时间	Do I need approval before working overtime?	加班前需要获得批准吗？
work	follow up		跟进；进一步联系	I'll follow up with you tomorrow.	我明天会再和你跟进。
work	touch base		简短沟通；碰一下进展	Let's touch base after lunch.	我们午饭后简单沟通一下。
work	circle back		稍后回头讨论或跟进	Can we circle back to this tomorrow?	我们能明天再讨论这件事吗？
work	on the same page		理解一致；达成共识	Let's make sure we're on the same page.	我们确认一下大家的理解是否一致。
work	keep me posted		有进展及时告诉我	Please keep me posted on the delivery.	请及时告诉我配送进展。
work	Could you clarify that?		你能再解释清楚一点吗？	Could you clarify what you mean by urgent?	你能说明一下你说的“紧急”具体是什么意思吗？
work	I'll get back to you.		我稍后回复你。	I'll check the schedule and get back to you.	我查看日程后再回复你。
work	What should I prioritize?		我应该优先处理什么？	I have three tasks today. What should I prioritize?	我今天有三项任务，应该优先处理什么？
work	I'm running a little late.		我会稍微晚一点到。	I'm running a little late. I'll be there in ten minutes.	我会晚到一会儿，十分钟后到。
work	Could we reschedule?		我们能改个时间吗？	Could we reschedule our meeting for Thursday?	我们能把会议改到周四吗？
work	Does that work for you?		这样安排对你方便吗？	How about 2 p.m.? Does that work for you?	下午两点怎么样？你方便吗？
work	Let me make sure I understand.		让我确认一下我理解得对不对。	Let me make sure I understand the next step.	让我确认一下我是否理解了下一步要做什么。
work	I'm still working on it.		我还在处理这件事。	I'm still working on it and will send an update today.	我还在处理，今天会发进度更新。
work	Could you put that in writing?		你能把这个写下来吗？	Could you put the requirements in writing?	你能把要求写下来吗？
work	I need a little more time.		我需要多一点时间。	I need a little more time to finish the report.	我需要多一点时间完成报告。
work	Who should I contact?		我应该联系谁？	Who should I contact about my work schedule?	关于我的排班，我应该联系谁？
work	Let's take this offline.		我们会后另行讨论。	Let's take this offline and review the details together.	我们会后再一起讨论细节。
work	I'm not sure yet.		我还不确定。	I'm not sure yet, but I'll find out.	我还不确定，不过我会去了解。
work	Could you walk me through it?		你能一步步讲给我听吗？	Could you walk me through the process?	你能一步步说明这个流程吗？
work	out of office		不在办公室；休假中的	I'll be out of office until Tuesday.	我到周二才回办公室。
work	sick leave		病假	I need to take sick leave today.	我今天需要请病假。
work	performance review		绩效评估；工作表现评议	My performance review is next month.	我下个月做绩效评估。
housing	lease	/liːs/	租约；租赁	I'd like to read the lease before signing.	我想签字前先读一下租约。
housing	landlord	/ˈlændlɔːrd/	房东	I'll contact the landlord about the leak.	我会联系房东处理漏水问题。
housing	utilities	/juːˈtɪlətiz/	水、电、燃气等公用服务及费用	Are utilities included in the rent?	房租包含水电等费用吗？
housing	security deposit		租房押金	How much is the security deposit?	租房押金是多少？
housing	maintenance request		维修申请	I'd like to submit a maintenance request.	我想提交一项维修申请。
housing	renter's insurance		租客保险	Does the lease require renter's insurance?	租约要求购买租客保险吗？
housing	move-in date		入住日期	Can we confirm the move-in date?	我们能确认一下入住日期吗？
housing	proof of income		收入证明	What can I use as proof of income?	什么材料可以用作收入证明？
housing	Is parking included?		包含停车位吗？	Is parking included, or is there an extra fee?	包含停车位吗，还是需要额外付费？
housing	The heater isn't working.		暖气坏了。	The heater isn't working in my apartment.	我公寓里的暖气坏了。
housing	There's a leak.		有地方漏水。	There's a leak under the kitchen sink.	厨房水槽下面漏水了。
housing	I'd like to renew my lease.		我想续租。	I'd like to renew my lease for another year.	我想再续租一年。
shopping	receipt	/rɪˈsiːt/	收据；小票	Could I get a receipt, please?	请给我一张小票好吗？
shopping	refund	/ˈriːfʌnd/	退款（名词）；动词常读 /rɪˈfʌnd/	I'd like to ask for a refund.	我想申请退款。
shopping	checkout	/ˈtʃekaʊt/	结账处；结账；退房	Where is the checkout counter?	收银台在哪里？
shopping	return policy		退货规定	What is your return policy?	你们的退货规定是什么？
shopping	Do you have this in another size?		这个有其他尺码吗？	Do you have this in a medium?	这个有中码吗？
shopping	I'm just looking, thanks.		我只是看看，谢谢。	I'm just looking, thanks. I'll let you know if I need help.	我只是看看，谢谢。需要帮助时我会告诉你。
shopping	Can I try this on?		我可以试穿这个吗？	Can I try this on? Where are the fitting rooms?	我可以试穿这个吗？试衣间在哪里？
shopping	I'd like to return this.		我想退这个商品。	I'd like to return this. I have the receipt.	我想退这个商品，我带了小票。
shopping	Is this on sale?		这个在打折吗？	Is this on sale this week?	这个这周打折吗？
shopping	paper or plastic		纸袋还是塑料袋（结账时问袋子类型）	Would you like paper or plastic?	你想要纸袋还是塑料袋？
shopping	store credit		可在该商店使用的退款额度	Would the refund be cash or store credit?	退款会退现金还是店内消费额度？
shopping	cash back		结账时提取现金；消费返现（视语境）	Can I get cash back with my debit card?	我用借记卡结账时可以提取现金吗？
food	to go		外带；打包	Could I get this to go, please?	这个可以给我打包吗？
food	for here		堂食；在店内用餐	Is that for here or to go?	这是堂食还是外带？
food	on the side		酱料或配料另外放	Could I get the dressing on the side?	沙拉酱可以另外放吗？
food	split the check		分开结账	Could we split the check, please?	请问我们可以分开结账吗？
food	check, please		请结账。	Could we get the check, please?	请给我们账单好吗？
food	I have a food allergy.		我有食物过敏。	I have a peanut allergy. Does this contain peanuts?	我对花生过敏。这道菜含花生吗？
food	Could I get a refill?		可以续杯吗？	Could I get a refill of water, please?	请给我再加一些水好吗？
food	We're ready to order.		我们准备好点餐了。	We're ready to order when you have a moment.	我们准备好点餐了，你方便时过来就好。
food	Could I get a box?		能给我一个打包盒吗？	Could I get a box for the leftovers?	能给我一个盒子把剩菜打包吗？
food	tip	/tɪp/	小费；建议；尖端	Is the tip included in the bill?	账单里已经包含小费了吗？
food	reservation	/ˌrezərˈveɪʃən/	预订；保留意见	I have a reservation for two at seven.	我订了七点的两人位。
food	Would you recommend anything?		你有什么推荐吗？	It's my first time here. Would you recommend anything?	我是第一次来，你有什么推荐吗？
health	copay	/ˈkoʊpeɪ/	保险中就医时个人支付的固定共付额	How much is my copay for this visit?	这次就诊我的固定共付额是多少？
health	deductible	/dɪˈdʌktəbəl/	保险自付额；可扣除的	Could you explain my plan's deductible?	你能解释一下我这份保险的自付额吗？
health	in-network	/ˌɪnˈnetwɜːrk/	属于保险合作网络的	Is this doctor in-network for my insurance?	这位医生在我的保险合作网络内吗？
health	prescription	/prɪˈskrɪpʃən/	处方；处方药	I'd like to pick up my prescription.	我想领取我的处方药。
health	urgent care		急诊门诊；紧急护理诊所	What are the hours for this urgent care clinic?	这家紧急护理诊所的营业时间是什么？
health	primary care provider		初级保健服务提供者；家庭医生等	I'm looking for a primary care provider.	我正在找一位初级保健医生。
health	over-the-counter		非处方的	Is this medicine available over-the-counter?	这种药不用处方也可以买到吗？
health	Do you accept my insurance?		你们接受我的保险吗？	Do you accept my insurance? Here is my card.	你们接受我的保险吗？这是我的保险卡。
health	I'd like to make an appointment.		我想预约。	I'd like to make an appointment for next week.	我想预约下周就诊。
health	I need an interpreter.		我需要口译员。	I need a Mandarin interpreter, please.	请为我安排一位普通话口译员。
health	I've been feeling dizzy.		我最近一直觉得头晕。	I've been feeling dizzy since this morning.	从今天早上开始，我一直觉得头晕。
health	How should I take this medicine?		这个药应该怎么服用？	How should I take this medicine, and how often?	这个药应该怎么服用，多久服一次？
health	Call an ambulance.		请叫救护车。	Please call an ambulance. Someone needs help.	请叫救护车，有人需要帮助。
health	I'm allergic to penicillin.		我对青霉素过敏。	I'm allergic to penicillin. Please add that to my chart.	我对青霉素过敏，请把这点记入我的病历。
banking	checking account		支票账户；日常交易账户	I'd like to open a checking account.	我想开一个日常交易账户。
banking	savings account		储蓄账户	Does this savings account have a monthly fee?	这个储蓄账户有月费吗？
banking	direct deposit		工资等款项直接转入账户	How do I set up direct deposit for my paycheck?	我如何设置工资直接入账？
banking	routing number		美国银行路由号码	Where can I find my routing number?	我在哪里可以找到银行路由号码？
banking	overdraft	/ˈoʊvərdræft/	透支；透支金额	I'd like to ask about the overdraft fee.	我想询问一下透支费。
banking	credit score		信用评分	How can I check my credit score?	我如何查询我的信用评分？
banking	minimum payment		最低还款额	Where is the minimum payment shown on the statement?	账单上的最低还款额在哪里？
banking	pending transaction		待处理交易	I see a pending transaction on my account.	我在账户上看到一笔待处理交易。
banking	I don't recognize this charge.		我不认识这笔扣款。	I don't recognize this charge on my statement.	我不认识账单上的这笔扣款。
banking	My card was declined.		我的卡付款被拒了。	My card was declined. Could you check why?	我的卡付款被拒了，你能查一下原因吗？
banking	W-2	/ˌdʌbəljuː ˈtuː/	美国工资与税款报告表	When will my W-2 be available?	我的 W-2 表什么时候可以获取？
services	DMV	/ˌdiː em ˈviː/	机动车管理部门（常见简称，各州名称可能不同）	Do I need an appointment at the DMV?	我去机动车管理部门需要预约吗？
services	ZIP code		美国邮政编码	What's your ZIP code?	你的邮政编码是多少？
services	proof of address		地址证明	Which documents can I use as proof of address?	哪些文件可以用来证明住址？
services	Social Security number		社会安全号码	Where should I enter my Social Security number on this form?	这张表的哪里需要填写社会安全号码？
services	mailing address		邮寄地址	My mailing address is different from my home address.	我的邮寄地址和居住地址不同。
services	tracking number		包裹追踪号码	Could you send me the tracking number?	你能把包裹追踪号码发给我吗？
services	I'd like to update my address.		我想更新我的地址。	I'd like to update the address on my account.	我想更新账户中的地址。
services	Where do I sign?		我在哪里签字？	I've filled out the form. Where do I sign?	我填好表了，在哪里签字？
services	Could you help me fill this out?		你能帮我填写这个吗？	Could you help me fill out this form?	你能帮我填这张表吗？
travel	round trip		往返行程；往返票	I'd like a round-trip ticket to Chicago.	我想买一张去芝加哥的往返票。
travel	one way		单程	Is this a one-way ticket or a round-trip ticket?	这张票是单程还是往返？
travel	boarding pass		登机牌	Can I use a mobile boarding pass?	我可以使用手机登机牌吗？
travel	carry-on	/ˈkæri ɑːn/	随身行李；可随身携带的	Is a carry-on included with this ticket?	这张机票包含随身行李额度吗？
travel	baggage claim		行李提取处	Where is baggage claim?	行李提取处在哪里？
travel	gas station		加油站	Is there a gas station nearby?	附近有加油站吗？
travel	right of way		通行优先权；路权	Who has the right of way here?	这里谁有优先通行权？
travel	Could you drop me off here?		你能让我在这里下车吗？	Could you drop me off at the next corner?	你能让我在下一个街角下车吗？
travel	Which platform should I go to?		我应该去哪个站台？	Which platform should I go to for the downtown train?	坐去市中心的列车应该去哪个站台？
travel	I've missed my connection.		我没赶上转乘航班或车次。	I've missed my connection. What are my options?	我没赶上转乘航班，有哪些替代安排？
travel	My car broke down.		我的车抛锚了。	My car broke down, and I need roadside assistance.	我的车抛锚了，需要道路救援。
travel	Is this seat taken?		这个座位有人吗？	Excuse me, is this seat taken?	打扰一下，这个座位有人吗？
digital	two-factor authentication		双因素身份验证	How do I turn on two-factor authentication?	我如何开启双因素身份验证？
digital	password reset		重置密码	Could you send me a password reset link?	你能给我发送密码重置链接吗？
digital	screen sharing		屏幕共享	Can you see my screen sharing?	你能看到我共享的屏幕吗？
digital	You're on mute.		你的麦克风静音了。	You're on mute. Could you turn on your microphone?	你的麦克风静音了，可以打开吗？
digital	My internet is down.		我的网络断了。	My internet is down. I'll join by phone.	我断网了，我会用电话加入。
digital	Could you send me the link?		你能把链接发给我吗？	Could you send me the link to the meeting?	你能把会议链接发给我吗？
digital	I can't log in.		我登录不了。	I can't log in to my work account.	我登录不了工作账户。
digital	Can you hear me?		你能听见我说话吗？	Can you hear me clearly now?	你现在能听清我说话吗？
social	How's it going?		最近怎么样？	Hey, how's it going?	嘿，最近怎么样？
social	Nice to meet you.		很高兴认识你。	Nice to meet you. I just moved here.	很高兴认识你，我刚搬来这里。
social	Would you mind repeating that?		你介意再说一遍吗？	Would you mind repeating that a little more slowly?	你能放慢一点再说一遍吗？
social	I'm still learning English.		我还在学英语。	I'm still learning English. Thanks for your patience.	我还在学英语，谢谢你的耐心。
social	What do you mean by that?		你说的那个是什么意思？	Sorry, what do you mean by that expression?	不好意思，你说的那个表达是什么意思？
social	Could you spell that?		你能拼一下吗？	Could you spell your last name for me?	你能拼一下你的姓吗？
social	Thanks for letting me know.		谢谢你告诉我。	Thanks for letting me know about the change.	谢谢你告诉我这项变动。
social	No worries.		没关系；不用担心。	No worries. We can try again tomorrow.	没关系，我们可以明天再试。
social	I appreciate your help.		谢谢你的帮助。	I really appreciate your help with this.	非常感谢你在这件事上的帮助。
social	I'm afraid I can't make it.		恐怕我没法到场。	I'm afraid I can't make it on Friday.	恐怕我周五没法到场。
social	I'd rather not.		我不太想这样做。	Thanks for asking, but I'd rather not.	谢谢你询问，不过我不太想这样做。
social	Let me think about it.		让我考虑一下。	Let me think about it and I'll let you know.	让我考虑一下，然后告诉你。
social	That sounds good.		听起来不错。	That sounds good. Let's meet at six.	听起来不错，我们六点见。
social	Have a good one!		祝你今天愉快！	Thanks for stopping by. Have a good one!	谢谢你过来，祝你今天愉快！
